name,operator,brand,address,housenumber,street,city,state,postcode,lat,lon,phone,website,opening_hours,fee,access,capacity,max_power_kw,connectors,connector_types,osm_type,osm_id,osm_url
Bellevue City,,ChargePoint,"Wall Street, Bellevue, Nebraska 68005",,Wall Street,Bellevue,Nebraska,68005,41.143294,-95.912585,,,,,public,2,,J1772 x2,J1772,node,4582026831,https://www.openstreetmap.org/node/4582026831
Bellevue University Chargepoint,Update case of ChargePoint,,"1000 Galvin Road South, Bellevue, Nebraska 68005",1000,Galvin Road South,Bellevue,Nebraska,68005,41.1521057,-95.9205212,,,24/7,yes,public,2,,J1772 x2,J1772,node,4582020716,https://www.openstreetmap.org/node/4582020716
Blink,Blink,Blink,"Central Avenue, Kearney, Nebraska 68849",,Central Avenue,Kearney,Nebraska,68849,40.6746848,-99.0828473,,,,yes,yes,2,,CCS Type 1 x2,CCS Type 1,node,13973750735,https://www.openstreetmap.org/node/13973750735
ChargePoint,ChargePoint,ChargePoint,"Saint Augustine's Street, Thurston County, Nebraska 68071",,Saint Augustine's Street,Thurston County,Nebraska,68071,42.2424502,-96.4747403,,,,,public,2,,J1772 x2,J1772,node,3649900573,https://www.openstreetmap.org/node/3649900573
ChargePoint,ChargePoint,ChargePoint,"East 1st Street, Ogallala, Nebraska 69153",,East 1st Street,Ogallala,Nebraska,69153,41.1257035,-101.714995,,,,,public,2,,J1772 x1; NEMA 5-20 (120V) x1,J1772; NEMA 5-20 (120V),node,3687480055,https://www.openstreetmap.org/node/3687480055
ChargePoint,ChargePoint,ChargePoint,"Wehrspann Lake Trail, Richland VIII Precinct, Nebraska 68138",,Wehrspann Lake Trail,Richland VIII Precinct,Nebraska,68138,41.1714117,-96.1557833,,,,no,public,2,,J1772 x2,J1772,node,5217689780,https://www.openstreetmap.org/node/5217689780
ChargePoint,ChargePoint,ChargePoint,"Nebraska Crossing Drive, Gretna, Nebraska 68028",,Nebraska Crossing Drive,Gretna,Nebraska,68028,41.0995321,-96.2457811,,,,,public,2,,J1772 x2,J1772,node,5260978025,https://www.openstreetmap.org/node/5260978025
ChargePoint,ChargePoint,ChargePoint,"101-147 South 13th Street, Ashland 68003",101-147,South 13th Street,Ashland,,68003,41.0387275,-96.3669935,,,,yes,yes,2,,CCS Type 2 x1; CHAdeMO x1; J1772 x2; Type3 x1,CCS Type 2; CHAdeMO; J1772; Type3,node,5263178187,https://www.openstreetmap.org/node/5263178187
ChargePoint,ChargePoint,ChargePoint,"Central Avenue, Nebraska City, Nebraska 68410",,Central Avenue,Nebraska City,Nebraska,68410,40.6766399,-95.8638883,,,,no,yes,1,,J1772 x2,J1772,node,5338175806,https://www.openstreetmap.org/node/5338175806
ChargePoint,ChargePoint,ChargePoint,"East 2nd Street, Chadron, Nebraska 69337",,East 2nd Street,Chadron,Nebraska,69337,42.8310765,-102.999874,,,24/7,yes,public,2,,J1772 x2,J1772,node,8258165589,https://www.openstreetmap.org/node/8258165589
ChargePoint,ChargePoint,ChargePoint,"West Highway 4, Gage County, Nebraska",,West Highway 4,Gage County,Nebraska,,40.2854403,-96.825065,,,,yes,yes,2,,J1772 x2,J1772,node,8833081763,https://www.openstreetmap.org/node/8833081763
ChargePoint,ChargePoint,ChargePoint,"Central Avenue, Nebraska City, Nebraska 68410",,Central Avenue,Nebraska City,Nebraska,68410,40.676892,-95.8546823,,,,no,yes,2,,J1772 x2,J1772,node,8833149132,https://www.openstreetmap.org/node/8833149132
ChargePoint,ChargePoint,ChargePoint,"Highway 2, Nebraska City, Nebraska 68412",,Highway 2,Nebraska City,Nebraska,68412,40.6544634,-95.8577977,,,,no,yes,1,,J1772 x2,J1772,node,8833149133,https://www.openstreetmap.org/node/8833149133
ChargePoint,ChargePoint,ChargePoint,"Winter Creek Drive, Scottsbluff, Nebraska 69361",,Winter Creek Drive,Scottsbluff,Nebraska,69361,41.875579,-103.6499077,,,,,public,2,,J1772 x2,J1772,node,9718603223,https://www.openstreetmap.org/node/9718603223
ChargePoint,ChargePoint,ChargePoint,"Farnam Street, Omaha, Nebraska 68012",,Farnam Street,Omaha,Nebraska,68012,41.2580052,-95.9278183,,,,,yes,4,,J1772 x2,J1772,node,10110603275,https://www.openstreetmap.org/node/10110603275
ChargePoint,ChargePoint,ChargePoint,"Southport Parkway, La Vista, Nebraska 68218",,Southport Parkway,La Vista,Nebraska,68218,41.1796683,-96.1093475,,,,,public,3,,J1772 x2,J1772,node,10200544333,https://www.openstreetmap.org/node/10200544333
HyVee Electric Vehicle Charger,ChargePoint,ChargePoint,"Westside Drive, Plattsmouth, Nebraska 68048",,Westside Drive,Plattsmouth,Nebraska,68048,41.0123293,-95.9098752,,,,no,public,2,,J1772 x2,J1772,node,4842997598,https://www.openstreetmap.org/node/4842997598
Norfolk Supercharger,"Tesla, Inc.",Tesla Supercharger,"2107 Taylor Avenue, Norfolk, NE 68701",2107,Taylor Avenue,Norfolk,NE,68701,42.02591,-97.44025,,https://www.tesla.com/findus/location/supercharger/33525,24/7,yes,yes,8,,CCS Type 1 x8; Nacs x8,CCS Type 1; Nacs,node,12944721975,https://www.openstreetmap.org/node/12944721975
Tesla Supercharger,"Tesla, Inc.",Tesla Supercharger,"318 Platte River Road, Gothenburg, NE 69138",318,Platte River Road,Gothenburg,NE,69138,40.91732,-100.16991,,https://www.tesla.com/findus/location/supercharger/gothenburgsupercharger,24/7,yes,customers,8,,Nacs x8,Nacs,node,6635845438,https://www.openstreetmap.org/node/6635845438
Tesla Supercharger,"Tesla, Inc.",Tesla Supercharger,"3335 West Wood River Road, Grand Island, NE 68803",3335,West Wood River Road,Grand Island,NE,68803,40.82997,-98.37982,,https://www.tesla.com/findus/location/supercharger/grandislandsupercharger,24/7,yes,customers,8,,Nacs x8,Nacs,node,6635851861,https://www.openstreetmap.org/node/6635851861
Tesla Supercharger,"Tesla, Inc.",Tesla Supercharger,"5020 North 27th Street, Lincoln, NE 68521",5020,North 27th Street,Lincoln,NE,68521,40.86082,-96.67972,,https://www.tesla.com/findus/location/supercharger/lincolnnesupercharger,24/7,yes,customers,8,,Nacs x8,Nacs,node,6638980012,https://www.openstreetmap.org/node/6638980012
Tesla Supercharger,"Tesla, Inc.",Tesla Supercharger,"501 Stagecoach Trail, Ogallala, NE 69153",501,Stagecoach Trail,Ogallala,NE,69153,41.11649,-101.70942,,https://www.tesla.com/findus/location/supercharger/ogallalasupercharger,24/7,yes,customers,8,,Nacs x8,Nacs,node,6639157909,https://www.openstreetmap.org/node/6639157909
Tesla Supercharger,"Tesla, Inc.",Tesla Supercharger,"645 Cabela Drive, Sidney, NE 69162",645,Cabela Drive,Sidney,NE,69162,41.11542,-102.94969,,https://www.tesla.com/findus/location/supercharger/sidneysupercharger,24/7,yes,customers,8,,Nacs x8,Nacs,node,6639172888,https://www.openstreetmap.org/node/6639172888
Tesla Supercharger,"Tesla, Inc.",Tesla Supercharger,"1001 Plum Creek Parkway, Lexington, NE 68850",1001,Plum Creek Parkway,Lexington,NE,68850,40.76828,-99.74037,,https://www.tesla.com/findus/location/supercharger/33730,24/7,yes,yes,8,,CCS Type 1 x8; Nacs x8,CCS Type 1; Nacs,node,11945536812,https://www.openstreetmap.org/node/11945536812
Tesla Supercharger,Tesla,Tesla Supercharger,"815 2nd Avenue East, Kearney, NE 68847",815,2nd Avenue East,Kearney,NE,68847,40.6822264,-99.0832954,,https://www.tesla.com/findus/location/supercharger/KearneyNESupercharger,24/7,yes,yes,8,,Nacs x8,Nacs,node,12103005482,https://www.openstreetmap.org/node/12103005482
Tesla Supercharger,"Tesla, Inc.",Tesla Supercharger,"8801 West Center Road, Omaha, NE 68124",8801,West Center Road,Omaha,NE,68124,41.23364,-96.05243,,https://www.tesla.com/findus/location/supercharger/18635,24/7,yes,customers,12,,Nacs x12,Nacs,node,12944743365,https://www.openstreetmap.org/node/12944743365
Tesla Supercharger,"Tesla, Inc.",Tesla Supercharger,"610 West O Street, Lincoln, NE 68528",610,West O Street,Lincoln,NE,68528,40.81422,-96.72784,,https://www.tesla.com/findus/location/supercharger/18688,24/7,yes,yes,8,,Nacs x8,Nacs,node,12944743976,https://www.openstreetmap.org/node/12944743976
Tesla Supercharger,Tesla,Tesla Supercharger,"202 East Leota Street, North Platte, NE 69101",202,East Leota Street,North Platte,NE,69101,41.1205485,-100.7627735,,https://www.tesla.com/findus/location/supercharger/NorthPlatteNESupercharger,24/7,yes,yes,8,,Nacs x8,Nacs,way,1291539310,https://www.openstreetmap.org/way/1291539310
Think Whole Person GE EVSE,,,"South 71st Plaza, Omaha, Nebraska 68182",,South 71st Plaza,Omaha,Nebraska,68182,41.2360491,-96.0204994,,,,,public,,,,,node,5125391132,https://www.openstreetmap.org/node/5125391132
,,,"East Norfolk Avenue, Norfolk, Nebraska 68701",,East Norfolk Avenue,Norfolk,Nebraska,68701,42.0331433,-97.4031205,,,,,public,2,,CHAdeMO x1; J1772 x1,CHAdeMO; J1772,node,3649885292,https://www.openstreetmap.org/node/3649885292
,,,"West 3rd Street, Wayne, Nebraska 68787",,West 3rd Street,Wayne,Nebraska,68787,42.2317299,-97.01993,,,,,public,2,,J1772 x1; NEMA 5-15 (120V) x1,J1772; NEMA 5-15 (120V),node,3649891545,https://www.openstreetmap.org/node/3649891545
,Woodhouse Nissian,,"Nebraska Drive, Bellevue, Nebraska 68147",,Nebraska Drive,Bellevue,Nebraska,68147,41.1826004,-95.9355147,,,,no,public,2,,CHAdeMO x1; J1772 x1,CHAdeMO; J1772,node,4583079398,https://www.openstreetmap.org/node/4583079398
,Woodhouse Nissian,,"Nebraska Drive, Bellevue, Nebraska 68147",,Nebraska Drive,Bellevue,Nebraska,68147,41.1822406,-95.935803,,,,no,public,2,,CHAdeMO x1; J1772 x1,CHAdeMO; J1772,node,4583080194,https://www.openstreetmap.org/node/4583080194
,,,"1st Avenue, South Sioux City, Nebraska 68776",,1st Avenue,South Sioux City,Nebraska,68776,42.4737281,-96.4140362,,,24/7,no,public,2,,J1772 x1; NEMA 5-20 (120V) x1,J1772; NEMA 5-20 (120V),node,5034948611,https://www.openstreetmap.org/node/5034948611
,,,"Willow Street, South Sioux City, Nebraska 68776",,Willow Street,South Sioux City,Nebraska,68776,42.4637207,-96.4211494,,,24/7,no,public,2,,J1772 x2,J1772,node,5034979156,https://www.openstreetmap.org/node/5034979156
,,,"Myrtle Street, Dakota City, Nebraska 68731",,Myrtle Street,Dakota City,Nebraska,68731,42.4162758,-96.4189513,,,24/7,yes,public,2,,J1772 x2,J1772,node,5034993306,https://www.openstreetmap.org/node/5034993306
,,,"Chandler Road West, Bellevue, Nebraska 68147",,Chandler Road West,Bellevue,Nebraska,68147,41.1853232,-95.9356363,,,,,public,,,,,node,5118562347,https://www.openstreetmap.org/node/5118562347
,,,"Dodge Court, Omaha, Nebraska 68175",,Dodge Court,Omaha,Nebraska,68175,41.2593309,-95.9608724,,,,,public,,,,,node,5470096944,https://www.openstreetmap.org/node/5470096944
,,,"Zoo Parkway, Omaha, Nebraska 68108",,Zoo Parkway,Omaha,Nebraska,68108,41.2253466,-95.9290532,,,,yes,public,4,,J1772 x4,J1772,node,7100292363,https://www.openstreetmap.org/node/7100292363
,Nebraska Dynamics,,"Main Street, Louisville, Nebraska 68037",,Main Street,Louisville,Nebraska,68037,41.0016217,-96.1621352,,,,no,public,1,,J1772 x1,J1772,node,8174600693,https://www.openstreetmap.org/node/8174600693
,,,"Pierce Plaza, Omaha, Nebraska 68154",,Pierce Plaza,Omaha,Nebraska,68154,41.2480518,-96.1012038,,,,,public,,,,,node,8923041094,https://www.openstreetmap.org/node/8923041094
,Electrify America,,"Pony Express Lane, Ogallala, Nebraska 69153",,Pony Express Lane,Ogallala,Nebraska,69153,41.1127323,-101.7186065,,,,,public,8,,CCS Type 1 x7; CHAdeMO x1,CCS Type 1; CHAdeMO,node,9039454312,https://www.openstreetmap.org/node/9039454312
,,,"Abbott Drive, Omaha, Nebraska 68110",,Abbott Drive,Omaha,Nebraska,68110,41.3014094,-95.9017233,,,,,public,,,,,node,9197854351,https://www.openstreetmap.org/node/9197854351
,,,"Frontage Road North, Chadron, Nebraska 69337",,Frontage Road North,Chadron,Nebraska,69337,42.8288862,-103.0209461,,,,no,public,1,,J1772 x1,J1772,node,9370720065,https://www.openstreetmap.org/node/9370720065
,,,"West Talmadge Street, Kearney, Nebraska 68849",,West Talmadge Street,Kearney,Nebraska,68849,40.674216,-99.0934984,,,,,public,,,,,node,9561493243,https://www.openstreetmap.org/node/9561493243
,Electrify America,,"US Highway 281, Hall County, Nebraska 68801",,US Highway 281,Hall County,Nebraska,68801,40.8160097,-98.3793766,,,,yes,yes,5,,CCS x4; CHAdeMO x1,CCS; CHAdeMO,node,9934316771,https://www.openstreetmap.org/node/9934316771
,Electrify America,,"Frontier Street, Lexington, Nebraska 68850",,Frontier Street,Lexington,Nebraska,68850,40.7460188,-99.7415161,,,,,public,5,,CCS x4; CHAdeMO x1,CCS; CHAdeMO,node,10733515514,https://www.openstreetmap.org/node/10733515514
,Electrify America,,"East Leota Street, North Platte, Nebraska 69101",,East Leota Street,North Platte,Nebraska,69101,41.1204139,-100.7594191,,,,,public,5,,CCS x4; CHAdeMO x1,CCS; CHAdeMO,node,10733516199,https://www.openstreetmap.org/node/10733516199
,Electrify America,,"Northwest 20th Street, Lincoln, Nebraska 68528",,Northwest 20th Street,Lincoln,Nebraska,68528,40.8143272,-96.7491285,,,,,public,5,,CCS x4; CHAdeMO x1,CCS; CHAdeMO,node,10733520357,https://www.openstreetmap.org/node/10733520357
,,,"Fort Crook Road North, Bellevue, Nebraska 68147",,Fort Crook Road North,Bellevue,Nebraska,68147,41.1853655,-95.9321709,,,,,public,,,,,node,10992443030,https://www.openstreetmap.org/node/10992443030
,EVOCHARGE,,"North 14th Street, Lincoln, Nebraska 68588",,North 14th Street,Lincoln,Nebraska,68588,40.8203683,-96.7012157,,,,,public,4,,J1772 x2,J1772,node,11927203835,https://www.openstreetmap.org/node/11927203835
,,,"West 4th Street, Chadron, Nebraska 69337",,West 4th Street,Chadron,Nebraska,69337,42.8286946,-103.0170378,,,,,public,,,,,node,12042404221,https://www.openstreetmap.org/node/12042404221
,Electrify America,Electrify America,"West Center Road, Omaha, Nebraska 68130",,West Center Road,Omaha,Nebraska,68130,41.2350537,-96.1940278,,https://www.electrifyamerica.com/locate-charger/ne/omaha/17810-w-center-rd/240091/,,yes,yes,1233,,CCS x4; CHAdeMO x1,CCS; CHAdeMO,node,13869722107,https://www.openstreetmap.org/node/13869722107
