Parts Store,Address,City,State,Zip,Telephone,Website,,,
Buckles Automotive Inc,133 Main St,Ainsworth,NE,69210,402-387-1171,,,,
Napa Auto Parts 127,2nd St,Ainsworth,NE,69210,402-387-1600,,,,
Stutz's Automotive,127 2nd St,Ainsworth,NE,69210,402-387-1600,,,,
Albion Parts & Machine Inc,135 5th St,Albion,NE,68620,402-395-2169,,,,
Big A Auto Parts,227 3rd St,Albion,NE,68620,402-395-5031,,,,
Central Parts,227 3rd St,Albion,NE,68620,402-395-5032,,,,
Central Parts and Machine Inc of,227 3rd St,Albion,NE,68620,402-395-5031,,,,
Napa Auto Parts,139 5th St,Albion,NE,68620,402-395-2169,,,,
J&n Auto Parts Inc,311 3rd St,Alliance,NE,69301,308-762-1516,,,,
Kokes Auto Farm Truck Inc,1125 3rd St,Alliance,NE,69301,308-762-6272,,,,
Napa Auto Parts,1125 3rd St,Alliance,NE,69301,308-762-6272,,,,
Siemens Service Group,523 2nd St,Alliance,NE,69301,308-762-2306,,,,
S & W Auto Parts Co,29 John St,Alma,NE,68920,308-928-2611,,,,
Napa Auto Parts ,PO Box 295,Arapahoe,NE,68922,308-962-5247,,,,
S & W Auto Parts Co,PO Box 295,Arapahoe,NE,68922,308-962-5247,,,,
Ashland Auto Parts,1435 Silver St,Ashland,NE,68003,402-944-3421,,,,
Mechanics Inc,Highway 6,Ashland,NE,68003,402-944-7585,,,,
Mechanics Inc,Highway 6,Ashland,NE,68003,402-944-7588,,,,
Williams Sales & Service Inc,204 23rd St,Ashland,NE,68003,402-944-7577,,,,
Co Enterprises Inc,115 State St,Atkinson,NE,68713,402-925-2993,,,,
Olson Carroll Enterprises Inc,115 State St,Atkinson,NE,68713,402-925-2993,,,,
Auburn Auto Ebi Branch,909 J St,Auburn,NE,68305,402-274-3173,,,,
Bulldog Auto Parts,817 Central Ave,Auburn,NE,68305,402-274-3412,,,,
Eggers Bros Inc,909 J St,Auburn,NE,68305,402-274-3173,,,,
Eggers Bros Inc Warehouse,72302 Highway 105,Auburn,NE,68305,402-868-3475,,,,
Jensen Motor Parts Inc,1007 13th St,Aurora,NE,68818,402-694-3157,,,,
Napa Auto Parts of Aurora,1007 13th St,Aurora,NE,68818,402-694-3157,,,,
Napa Auto Parts,101 Buchanan,Bassett,NE,68714,402-684-2222,,,,
Turp's Automotive ,PO Box 628,Bassett,NE,68714,402-684-2222,,,,
Bayard Automotive,402 Main,Bayard,NE,69334,308-586-1316,,,,
Auto Shop Inc,615 Dorsey St Ste A,Beatrice,NE,68310,402-223-4546,,,,
Autozone,2220 6th St,Beatrice,NE,68310,402-223-4111,,,,
Beatrice Iron & Metal Goldberg's,300 Market St,Beatrice,NE,68310,402-223-5238,,,,
Napa Auto Parts,612 Bell St,Beatrice,NE,68310,402-228-3488,,,,
O'reilly Auto Parts,1823 6th St,Beatrice,NE,68310,402-228-1388,,,,
Advance Auto Parts,1702 Harlan Dr,Bellevue,NE,68005,402-293-9999,,,,
Auto Value-Southside,7015 Railroad Ave,Bellevue,NE,68147,402-731-2130,,,,
Autozone,1821 Wilshire Dr,Bellevue,NE,68005,402-291-4091,,,,
Beardmore Chevrolet,418 Fort Crook Rd N,Bellevue,NE,68005,402-734-2525,,,,
Bellevue Toyota-Scion,608 Fort Crook Rd N,Bellevue,NE,68005,402-733-4445,,,,
Carquest Auto Parts of Bellevue,1307 Fort Crook Rd N,Bellevue,NE,68005,402-733-8444,,,,
Napa Auto Parts,2301 Cornhusker Rd,Bellevue,NE,68123,402-291-6200,,,,
O'reilly Auto Parts,1812 Galvin Rd S,Bellevue,NE,68005,402-291-1700,,,,
Check Point Auto Parts & Cycle Center,521 Chief St,Benkelman,NE,69021,308-423-2225,,,,
Check Point Napa Auto Parts ,PO Box 288,Benkelman,NE,69021,308-423-2225,,,,
Napa Auto Parts ,PO Box 288,Benkelman,NE,69021,308-423-2225,,,,
Bi State Motor Parts,203 9th St,Blair,NE,68008,402-426-9431,,,,
Carquest Auto Parts of Blair,1115 Washington St,Blair,NE,68008,402-426-4646,,,,
Charley's Speed & Machine Inc ,Highway 30,Blair,NE,68008,402-426-9681,,,,
O'reilly Auto Parts,1114 Washington St,Blair,NE,68008,402-426-2100,,,,
Bloomfield Automotive,106 Grant St,Bloomfield,NE,68718,402-373-4451,,,,
Napa Auto Parts,106 Grant St,Bloomfield,NE,68718,402-373-4451,,,,
Klute Inc,200 Highway 34,Bradshaw,NE,68319,402-736-4375,,,,
Kokes Auto Farm Truck Inc,420 Main St,Bridgeport,NE,69336,308-262-0650,,,,
Napa Auto Parts,420 Main St,Bridgeport,NE,69336,308-262-1052,,,,
Farritor Auto Parts,1654 E St Broken,Bow,NE,68822,308-872-6411,,,,
Napa Auto Parts Highway,2 Broken,Bow,NE,68822,308-872-2464,,,,
Two Red's Automotive,605 D St Broken,Bow,NE,68822,308-872-2473,,,,
Wenquist Inc Highway,2 Broken,Bow,NE,68822,308-872-2464,,,,
Carquest Auto Parts ,PO Box 160,Burwell,NE,68823,308-346-5108,,,,
Don's Auto Parts Inc,831 G St,Burwell,NE,68823,308-346-5108,,,,
Napa Auto Parts Stores,203 Grand Ave,Burwell,NE,68823,308-346-5120,,,,
Old West Motor Parts Inc,203 Grand Ave,Burwell,NE,68823,308-346-5120,,,,
Wenske Automotive Railroad St Byron, , ,NE,68325,402-236-8700, ,,,
Southwest Farm & Auto Supply,315 Nelson St,Cambridge,NE,69022,308-697-3434,,,,
Central City Auto Parts,325 G St Central,City,NE,68826,308-946-3801,,,,
Norm's Carquest Auto Parts,504 3rd St,Chadron,NE,69337,308-432-3005,,,,
Sturdevant's Auto Parts Inc,1540 Highway 20,Chadron,NE,69337,308-432-3383,,,,
E & S Auto Supply,833 2nd St,Chappell,NE,69129,308-874-2258,,,,
E & S Auto Supply ,PO Box 730,Chappell,NE,69129,308-874-2258,,,,
Farmers Elevator Co,582 2nd St,Chappell,NE,69129,308-874-2600,,,,
Farmers Service Station,582 2 St,Chappell,NE,69129,308-874-2600,,,,
Pronto Auto Parts,833 2nd St,Chappell,NE,69129,308-874-2258,,,,
Valley Tire & Service Llc ,PO Box 593,Chappell,NE,69129,308-874-2600,,,,
Advance Auto Parts,2269 28th Ave,Columbus,NE,68601,402-562-8797,,,,
Central Parts & Machine Inc,1254 28th Ave,Columbus,NE,68601,402-564-2851,,,,
Ernst Auto Center Inc Columbus, , ,NE,68601,402-563-1406, ,,,
Ernst Auto Center Inc,615 23rd St,Columbus,NE,68601,402-564-2736,,,,
Ernst Auto Center Inc,2112 23rd St,Columbus,NE,68601,402-562-8698,,,,
Gene Steffy Ford,1365 24th Ave,Columbus,NE,68601,402-564-3218,,,,
K C Auto Supply Inc,2318 13th St,Columbus,NE,68601,402-564-2701,,,,
Napa Auto Parts,1522 23rd St,Columbus,NE,68601,402-564-8596,,,,
O'reilly Auto Parts,3400 23rd St,Columbus,NE,68601,402-563-3245,,,,
Parts Bin The,1522 23rd St,Columbus,NE,68601,402-564-8596,,,,
Nelsen Auto Supply,139 8th St,Cozad,NE,69130,308-784-4516,,,,
Parts Are US Inc,410 Highway 30,Cozad,NE,69130,308-784-4211,,,,
Napa Auto Parts,135 Main St,Crawford,NE,69339,308-665-1500,,,,
Bartos Auto Parts,402 Main St,Creighton,NE,68729,402-358-5591,,,,
Bartos Auto Parts,722 Main St,Creighton,NE,68729,402-358-3391,,,,
Napa Auto Parts,1101 Main St,Creighton,NE,68729,402-358-5450,,,,
Napa Auto Parts ,PO Box 88,Creighton,NE,68729,402-358-5450,,,,
R & K Motor Parts,1101 Main St,Creighton,NE,68729,402-358-5450,,,,
R & K Motor Parts ,PO Box 88,Creighton,NE,68729,402-358-5450,,,,
Crete Auto Supply Inc,201 13th St,Crete,NE,68333,402-826-2777,,,,
L & L Auto Parts,801 12th St,Crete,NE,68333,402-826-4371,,,,
Napa Auto Parts,201 13th St,Crete,NE,68333,402-826-2777,,,,
Napa Southwest Farm & Auto Supply,209 2nd St,Curtis,NE,69025,308-367-5534,,,,
Southwest Farm & Auto Supply,209 2nd St,Curtis,NE,69025,308-367-5488,,,,
Napa Auto Parts-Sidney Dalton, , ,NE,69131,308-377-2240, ,,,
Big A Auto Parts,360 5th St David,City,NE,68632,402-367-4442,,,,
Napa Auto Parts Stores,537 D St David,City,NE,68632,402-367-3086,,,,
Rehmer Auto Parts,360 5th St David,City,NE,68632,402-367-4442,,,,
P & L Trucking,8th & Broadway,Decatur,NE,68020,402-349-5350,,,,
Richards Parts & Service,802 Broadway St,Decatur,NE,68020,402-349-5350,,,,
Watson Auto Sales,888 Fourth St,Deshler,NE,68340,402-365-7277,,,,
Dwight Parts,154 2nd St,Dwight,NE,68635,402-566-2022,,,,
Elgin Auto Parts,205 Pine St,Elgin,NE,68636,402-843-2300,,,,
M & S Auto Parts & Supply Inc,20230 Roberts St,Elkhorn,NE,68022,402-289-4639,,,,
Nebraska Hi Way Dept Shop,101 Ripley St,Elwood,NE,68937,308-785-2451,,,,
A & T Repair,308 Railroad St,Eustis,NE,69028,308-486-3241,,,,
A & T Repair Inc Eustis, , ,NE,69028,308-486-2341, ,,,
Ekeler Repair,107 Exeter Ave,Exeter,NE,68351,402-266-2991,,,,
Auto Value Parts Store Fairbury,607 3rd St,Fairbury,NE,68352,402-729-2267,,,,
Bundy's Auto Supply,520 4th St,Fairbury,NE,68352,402-729-2221,,,,
Cat's Auto & Truck Supply,324 3rd St,Fairbury,NE,68352,402-729-3348,,,,
Riverside Chev Cad Buick Pont Inc,601 4th St,Fairbury,NE,68352,402-729-5415,,,,
Riverside Chev Olds Cad Buick Pont Inc,601 Fairbury,Fairbury,NE,68352,402-729-5415,,,,
Watson Auto Supply,626 4th St,Fairbury,NE,68352,402-365-7277,,,,
Falls City Auto Supply,1820 Stone St Falls,City,NE,68355,402-245-2415,,,,
Sidles Mr Automotive,1801 Chase St Falls,City,NE,68355,402-245-2474,,,,
Carquest,704 15th Ave,Franklin,NE,68939,308-425-9921,,,,
Franklin Auto Parts,704 15th Ave,Franklin,NE,68939,308-425-6001,,,,
Albers Auto Parts,425 Broad St,Fremont,NE,68025,402-721-6177,,,,
Autozone,601 23rd St,Fremont,NE,68025,402-753-0712,,,,
O'reilly Auto Parts,1760 23rd St,Fremont,NE,68025,402-727-2787,,,,
Farmers Auto Supply,1511 1st St,Friend,NE,68359,402-947-3261,,,,
Farmers Union Co-Op,1511 1st St,Friend,NE,68359,402-947-3261,,,,
Steve's Repair,100 Walnut St,Friend,NE,68359,402-947-3211,,,,
Rally Auto Parts,224 Broadway St,Fullerton,NE,68638,308-536-3240,,,,
Action Auto Supply,151 10th St,Geneva,NE,68361,402-759-3133,,,,
Auto Value Parts Store,128 8th St,Geneva,NE,68361,402-759-3188,,,,
Geneva Car Quest,143 13th St,Geneva,NE,68361,402-759-4211,,,,
Napa Auto Parts,151 10th St,Geneva,NE,68361,402-759-3133,,,,
D & M Parts Store,324 Willard Ave,Genoa,NE,68640,402-993-2258,,,,
Napa Auto Parts,324 Willard Ave,Genoa,NE,68640,402-993-2258,,,,
Rayburn Auto Parts Inc,316 River St,Gibbon,NE,68840,308-468-5761,,,,
Hinn's Gordon Auto Supply,100 Main St,Gordon,NE,69343,308-282-0810,,,,
Husker Auto Parts,221 Main St,Gordon,NE,69343,308-282-2100,,,,
Napa Auto Parts,605 Lake Ave,Gothenburg,NE,69138,308-537-3681,,,,
S & S Auto Parts Inc,605 Lake Ave,Gothenburg,NE,69138,308-537-3732,,,,
Advance Auto Parts,1729 Locust St Grand,Island,NE,68801,308-384-3845,,,,
Advance Auto Parts,1227 Diers Ave Grand,Island,NE,68803,308-381-7683,,,,
Anderson Auto Parts Inc,3709 Westgate Rd Grand,Island,NE,68803,308-382-0040,,,,
Auto Trim Design,2323 George St Grand,Island,NE,68803,308-384-8868,,,,
Autozone,1717 2nd St Grand,Island,NE,68803,308-382-6500,,,,
Carquest Paint & Body Supply,2806 Old Highway 30 Grand,Island,NE,68803,308-398-2130,,,,
Ford Agcy Sales & Serv,120 Diers Ave Grand,Island,NE,68803,308-384-1700,,,,
G I Trailer Inc,5212 Antelope Dr Grand,Island,NE,68803,308-382-6700,,,,
Kia of Grand Island,120 Diers Ave Grand,Island,NE,68803,308-384-1700,,,,
Napa Auto Parts,2908 Old Fair Rd Grand,Island,NE,68803,308-384-5120,,,,
O'reilly Auto Parts,2024 Locust St Grand,Island,NE,68801,308-398-4124,,,,
O'reilly Auto Parts,606 Webb Rd Grand,Island,NE,68803,308-381-0459,,,,
Napa Auto Parts,326 Central Ave,Grant,NE,69140,308-352-4146,,,,
Carquest Auto Parts Stores ,PO Box 403,Hartington,NE,68739,402-254-7444,,,,
Cedar County Auto Parts ,PO Box 584,Hartington,NE,68739,402-254-6255,,,,
Napa Auto Parts ,PO Box 584,Hartington,NE,68739,402-254-6255,,,,
Quality Auto Parts,108 Main St,Hartington,NE,68739,402-254-7444,,,,
Auto Value Parts Stores,218 Lexington Ave,Hastings,NE,68901,402-463-5641,,,,
Friend's Motor Supply Napa,1045 Franklin Ave,Hastings,NE,68901,402-463-9875,,,,
Kerr Chevrolet Inc,800 Burlington Ave,Hastings,NE,68901,402-462-4131,,,,
Napa Auto Parts of Hastings,1045 Franklin Ave,Hastings,NE,68901,402-463-9875,,,,
O'reilly Auto Parts,820 Burlington Ave,Hastings,NE,68901,402-462-8848,,,,
Action Auto Supply,323 Lincoln Ave,Hebron,NE,68370,402-768-7278,,,,
Napa Eagle Auto Supply,323 Lincoln Ave,Hebron,NE,68370,402-768-6031,,,,
Henderson Motors ,PO Box 628,Henderson,NE,68371,402-723-4672,,,,
Tri-County Automotive,1001 Main St,Henderson,NE,68371,402-723-5822,,,,
Big A Auto Parts,219 Grant St,Holdrege,NE,68949,308-995-2442,,,,
Holdrege Auto Parts,311 4th Ave,Holdrege,NE,68949,308-995-6553,,,,
Napa Auto Parts Stores,1009 4th Ave,Holdrege,NE,68949,308-995-4421,,,,
Sidles Carquest,219 Grant St,Holdrege,NE,68949,308-995-4454,,,,
Tri-City Auto Parts Inc ,PO Box 528,Holdrege,NE,68949,308-995-6153,,,,
Howell's Auto Supply Napa,136 3rd St,Howells,NE,68641,402-986-1101,,,,
Humboldt Auto,833 Nemaha St,Humboldt,NE,68376,402-862-2445,,,,
Auto Value Humphrey,302 Oak St,Humphrey,NE,68642,402-923-0225,,,,
Big A Auto Parts,604 Broadway,Imperial,NE,69033,308-882-4273,,,,
Big A Auto Parts,604 Broadway,Imperial,NE,69033,308-882-5544,,,,
Imperial Napa Imperial, , ,NE,69033,308-882-5385, ,,,
Imperial Napa,701 Highway 61 St,Imperial,NE,69033,308-882-4211,,,,
Napa Auto Parts,701 Highway 61 St,Imperial,NE,69033,308-882-4211,,,,
Advance Auto Parts,506 25th St,Kearney,NE,68847,308-338-5533,,,,
All Makes Auto Supply Kearney, , ,NE,68847,308-237-9669, ,,,
All Makes Auto Supply,706 Central Ave,Kearney,NE,68847,308-237-5103,,,,
Andersen Auto Parts ,PO Box 934,Kearney,NE,68848,308-236-7661,,,,
Andersen Wrecking Co,1912 Avenue M,Kearney,NE,68847,308-237-3163,,,,
Andersen Wrecking Co ,PO Box 934,Kearney,NE,68848,308-237-3163,,,,
Auto Trim Design of West Nebraska,1209 Avenue A Ste 5,Kearney,NE,68847,308-236-8887,,,,
B & B Glass Inc,922 Central Ave,Kearney,NE,68847,308-237-7015,,,,
B&b Glass Inc,922 Central Ave,Kearney,NE,68847,308-237-7015,,,,
Carquest,2119 Avenue A,Kearney,NE,68847,308-237-2247,,,,
Central Auto Electric Inc,10 25th St,Kearney,NE,68847,308-237-2125,,,,
Dent Popper The,2014 1st Ave,Kearney,NE,68847,308-236-7328,,,,
K & K Parts Co Inc,1204 Central Ave,Kearney,NE,68847,308-234-2482,,,,
Mr Automotive Carquest,2119 Avenue A,Kearney,NE,68847,308-237-2247,,,,
Napa the Parts Store,706 Central Ave,Kearney,NE,68847,308-237-5103,,,,
O'reilly Auto Parts,2415 2nd Ave,Kearney,NE,68847,308-237-9339,,,,
Reed's Performance & Restorable Cars,2011 Avenue B,Kearney,NE,68847,308-236-5784,,,,
Bob's Automotive Machine Shop Kimball, , ,NE,69145,308-235-3642, ,,,
Kimball Auto Parts Llc Kimball, , ,NE,69145,308-235-3322, ,,,
Kimball Auto Parts Llc,810 US Highway 30,Kimball,NE,69145,308-235-3642,,,,
Napa Auto Parts-Kimball,709 3rd St,Kimball,NE,69145,308-235-4848,,,,
L & E Auto Parts,105 2nd St,Laurel,NE,68745,402-256-3811,,,,
Advance Auto Parts,910 Plum Creek Pkwy,Lexington,NE,68850,308-324-0050,,,,
Mr Automotive,309 4th St,Lexington,NE,68850,308-324-4661,,,,
Napa Auto Parts Store,113 5th St,Lexington,NE,68850,308-324-2313,,,,
Plum Creek Motors Inc,1111 Plum Creek Pkwy,Lexington,NE,68850,308-324-2306,,,,
 ,24 Hour Auto Repair 3130 Cornhusker Hwy,Lincoln,NE,68504,402-325-0000, ,,,
A Street Auto Parts,4003 A St,Lincoln,NE,68510,402-489-9378,,,,
Advance Auto Parts,2101 10th St,Lincoln,NE,68502,402-742-0334,,,,
Advance Auto Parts,222 48th St,Lincoln,NE,68504,402-465-5556,,,,
Advance Auto Parts,3100 Cornhusker Hwy,Lincoln,NE,68504,402-465-8188,,,,
Anderson Ford Lincoln Mercury Mazda,2500 Wildcat Dr,Lincoln,NE,68521,402-458-9830,,,,
Autosounds of Lincoln Inc,4720 O St,Lincoln,NE,68510,402-466-4400,,,,
Autozone,2904 Cornhusker Hwy,Lincoln,NE,68504,402-467-1075,,,,
Autozone #3788,805 48th St,Lincoln,NE,68504,402-467-6330,,,,
Carquest of Lincoln,4831 Adams St,Lincoln,NE,68504,402-464-8331,,,,
Carquest of Lincoln,4340 60th St,Lincoln,NE,68507,402-467-5361,,,,
Carquest of Lincoln N Street,1821 N St,Lincoln,NE,68508,402-477-4106,,,,
Carquest of Lincoln West,140 Capitol Beach Blvd,Lincoln,NE,68528,402-475-0010,,,,
Carquest of Rent-Worth,5001 Rent Worth Ct Ste 1,Lincoln,NE,68516,402-420-5005,,,,
Cichoracki Motor Company,3130 Cornhusker Hwy,Lincoln,NE,68504,402-325-0153,,,,
Duteau Chevrolet Subaru,7300 27th St,Lincoln,NE,68512,402-420-3300,,,,
Duteau Chevrolet Subaru,7300 27th St,Lincoln,NE,68512,402-420-3371,,,,
Fred's Auto Electric,5042 Rent Worth Ct,Lincoln,NE,68516,402-423-7119,,,,
Gene's Hubcaps,3420 22nd St,Lincoln,NE,68521,402-435-3030,,,,
Husker Auto Group,6833 Telluride Dr,Lincoln,NE,68521,402-479-7699,,,,
Jim Defreece Auto Parts,2201 Antelope Valley Pkwy,Lincoln,NE,68508,402-476-0341,,,,
Keystone Automotive,3235 33rd St,Lincoln,NE,68504,402-476-3369,,,,
Kia of Lincoln Lincoln, , ,NE,68502,402-434-7009, ,,,
Kia of Lincoln,1145 48th St,Lincoln,NE,68504,402-434-7000,,,,
Meginis Ford-Saab,6400 Q St,Lincoln,NE,68505,402-465-7373,,,,
Meginnis Ford-Saab,6400 Q St,Lincoln,NE,68505,402-465-7373,,,,
Napa Auto Parts,3630 Cornhusker Hwy,Lincoln,NE,68504,402-466-8515,,,,
Napa Auto Parts,5601 56th St,Lincoln,NE,68516,402-423-8540,,,,
O'reilly Auto Parts,1101 Arapahoe St,Lincoln,NE,68502,402-423-1222,,,,
O'reilly Auto Parts,1201 48th St,Lincoln,NE,68504,402-466-4663,,,,
O'reilly Auto Parts,120 O St,Lincoln,NE,68508,402-475-1166,,,,
O'reilly Auto Parts,120 O St,Lincoln,NE,68508,402-475-1168,,,,
O'reilly Auto Parts,1525 Cornhusker Hwy,Lincoln,NE,68521,402-475-1188,,,,
Russwood Chrysler,8350 O St,Lincoln,NE,68510,402-489-4260,,,,
Russwood Chrysler,8350 O St,Lincoln,NE,68510,402-489-7156,,,,
Select Auto Parts Llc,3630 Cornhusker Hwy,Lincoln,NE,68504,402-466-8515,,,,
Select Auto Parts Llc,5601 56th St,Lincoln,NE,68516,402-423-8540,,,,
Snow Auto Supply,1640 O St,Lincoln,NE,68528,402-475-4261,,,,
Uni Auto,2958 48th St,Lincoln,NE,68504,402-325-6766,,,,
Williamson Honda,27th & Yankee Hill Rd,Lincoln,NE,68502,402-437-1295,,,,
Mill Creek Auto Parts,126 Main St,Louisville,NE,68037,402-234-7375,,,,
Loup City Auto Parts Inc,653 O St Loup,City,NE,68853,308-745-1000,,,,
Ross's Auto Parts & Repair ,PO Box 154,Madrid,NE,69150,308-326-4234,,,,
Automotive Sales & Service,414 B St Mc,Cook,NE,69001,308-345-4365,,,,
Carquest McCook,804 B St Mc,Cook,NE,69001,308-345-6535,,,,
Kohl Auto Parts,908 C St Mc,Cook,NE,69001,308-345-4221,,,,
Napa Schamel's Auto Supply Inc,107 2nd St Mc,Cook,NE,69001,308-345-5195,,,,
Konecky Oil Inc,990 County Road M,Mead,NE,68041,402-624-2455,,,,
Napa Auto Parts,522 1st St,Milford,NE,68405,402-761-2145,,,,
Napa Auto Parts,210 Minden Ave,Minden,NE,68959,308-832-0437,,,,
Napa Auto Parts,210 Minden Ave,Minden,NE,68959,308-832-1241,,,,
Morrill Supply,104 Webster St,Morrill,NE,69358,308-247-2403,,,,
Carquest,420 4th Corso Nebraska,City,NE,68410,402-873-6602,,,,
Hopkins Automotive,420 4th Corso Nebraska,City,NE,68410,402-873-6602,,,,
Napa Auto Parts,1116 Central Ave Nebraska,City,NE,68410,402-873-6643,,,,
O'reilly Auto Parts,603 11th St Nebraska,City,NE,68410,402-873-7944,,,,
Neligh Auto & Machine Inc,102 11th St,Neligh,NE,68756,402-887-4817,,,,
Ok Auto Parts,320 Highway 275,Neligh,NE,68756,402-887-5432,,,,
Advance Auto Parts,2105 Krenzien Dr,Norfolk,NE,68701,402-371-1844,,,,
Autozone,916 13th St,Norfolk,NE,68701,402-844-5500,,,,
Carquest of Norfolk,13 Pasewalk,Norfolk,NE,68701,402-379-0340,,,,
Courtesy Ford Lincoln Mercury Sales I,423 Madison Ave,Norfolk,NE,68701,402-371-9350,,,,
Full Throttle Service,1102 1/2 Riverside Blvd,Norfolk,NE,68701,402-379-1855,,,,
Gi Trailer Inc,84838 US Highway 81,Norfolk,NE,68701,402-371-6700,,,,
Napa Auto & Truck Parts,400 Omaha Ave,Norfolk,NE,68701,402-379-4888,,,,
Norfolk Auto Supply Inc,127 6th St,Norfolk,NE,68701,402-371-1030,,,,
Speedway Truck & Auto Salvage Inc,807 Norfolk Ave,Norfolk,NE,68701,402-371-3006,,,,
Cerny Auto Parts RR,3 North,Bend,NE,68649,402-652-3375,,,,
Napa Auto Parts,722 Main St North,Bend,NE,68649,402-652-8633,,,,
North Bend Auto Supply Inc,722 Main St North,Bend,NE,68649,402-652-8633,,,,
A B C Auto Salvage,3400 Rodeo Rd North,Platte,NE,69101,308-532-4570,,,,
Advance Auto Parts,1220 Jeffers St North,Platte,NE,69101,308-532-2988,,,,
Andersen & Sons Napa,611 4th St North,Platte,NE,69101,308-532-5100,,,,
Carquest Auto Parts of North Platte,1721 4th St North,Platte,NE,69101,308-532-3770,,,,
E & R Automotive Supply Inc,115 12th St North,Platte,NE,69101,308-532-5544,,,,
Jm Parts and Equipment Inc,1721 4th St North,Platte,NE,69101,308-532-3770,,,,
Rpm Unlimited,633 Jeffers St North,Platte,NE,69101,308-532-4270,,,,
K C Parts & Repair,720 Oakland Ave,Oakland,NE,68045,402-685-6440,,,,
Humphreys Auto Supply,413 1st St,Ogallala,NE,69153,308-284-3638,,,,
Napa Auto Parts,119 A St,Ogallala,NE,69153,308-284-3664,,,,
 ,24th Auto Accessories 4034 24th St,Omaha,NE,68107,402-734-3314, ,,,
Advance Auto Parts,3025 25 St,Omaha,NE,68102,402-345-1422,,,,
Advance Auto Parts,17140 Evans Plz,Omaha,NE,68116,402-289-0124,,,,
Advance Auto Parts,4885 L St,Omaha,NE,68117,402-731-5284,,,,
Advance Auto Parts,8448 Center Rd Ste 1,Omaha,NE,68124,402-391-1322,,,,
Advance Auto Parts,850 Saddle Creek Rd,Omaha,NE,68132,402-551-2434,,,,
Advance Auto Parts,3909 90th St,Omaha,NE,68134,402-571-4458,,,,
Advance Auto Parts,3420 143rd Plz Ste A,Omaha,NE,68144,402-691-0072,,,,
Al's Auto Supply,1720 Cuming St,Omaha,NE,68102,402-341-4640,,,,
Al's Auto Supply,1720 Cuming St,Omaha,NE,68102,402-341-4641,,,,
Al's Auto Supply,1720 Cuming St,Omaha,NE,68102,402-341-4642,,,,
Autozone,4972 Center St,Omaha,NE,68106,402-553-3600,,,,
Autozone,3206 24th St,Omaha,NE,68108,402-341-1948,,,,
Autozone,4201 30th St,Omaha,NE,68111,402-455-1954,,,,
Autozone,3325 72nd St,Omaha,NE,68134,402-572-8138,,,,
Autozone,13333 Q St,Omaha,NE,68137,402-861-9393,,,,
Baxter Chrysler Jeep Dodge,17950 Burt St,Omaha,NE,68118,402-493-0116,,,,
Carquest,13508 Q St,Omaha,NE,68137,402-894-2124,,,,
Carquest Auto Parts,10801 Blondo St Ste 1,Omaha,NE,68164,402-445-8800,,,,
Carquest Auto Parts of,48th St 914 48th St,Omaha,NE,68106,402-556-3341,,,,
Carquest Auto Parts of,84th St 8420 G St,Omaha,NE,68127,402-331-5037,,,,
Carquest Auto Parts of Millard,13510 Q St,Omaha,NE,68137,402-895-3070,,,,
Carquest Metro Express,11202 I St,Omaha,NE,68137,402-339-0181,,,,
Chevrolet Motor Division Genera Omaha, , ,NE,68154,402-496-0220, ,,,
Cordel Foreign Motors Inc,8616 L St,Omaha,NE,68127,402-592-2288,,,,
Cram Foreign Auto Parts,4006 Q St,Omaha,NE,68107,402-731-7098,,,,
Engine Connection,7858 F St,Omaha,NE,68127,402-597-6829,,,,
Euroworx,6485 86th Cir,Omaha,NE,68127,402-331-3940,,,,
Fleetpride Holt Incorporated,2707 22nd St,Omaha,NE,68110,402-341-2850,,,,
Gregg Young Chevrolet Inc,17750 Burt St,Omaha,NE,68118,402-572-8080,,,,
H & H Chevrolet,4645 84th St,Omaha,NE,68127,402-339-2222,,,,
H & H Chevrolet,4645 84th St,Omaha,NE,68127,402-596-2710,,,,
Hart's Auto Supply,8451 Lake St,Omaha,NE,68134,402-398-1368,,,,
Huber Chevrolet Cadillac Hummer,11102 Dodge Rd,Omaha,NE,68154,402-496-9320,,,,
Jims Auto Parts,915 20th St,Omaha,NE,68108,402-934-6371,,,,
Jones Automotive Inc,1223 20th St,Omaha,NE,68108,402-345-8383,,,,
Land Rover Omaha,716 102nd St,Omaha,NE,68114,402-393-9700,,,,
Markel Bmw Jaguar Land Rover,102 Dodge Rd,Omaha,NE,68102,402-393-9700,,,,
Markel Bmw Jaguar Landrover Mini,716 102nd St,Omaha,NE,68114,402-393-9700,,,,
Mercedes Benz of Omaha,14335 Hillsdale Ave,Omaha,NE,68137,402-384-9999,,,,
Midwest Radiator Llc,8544 I St,Omaha,NE,68127,402-393-1293,,,,
Mustang Parts,6208 Gilmore Ave,Omaha,NE,68107,402-734-2342,,,,
Napa Auto Parts,6160 Grover St,Omaha,NE,68106,402-554-4500,,,,
Napa Auto Parts,6160 Grover St,Omaha,NE,68106,402-554-4520,,,,
Napa Auto Parts,6160 Grover St,Omaha,NE,68106,402-554-4540,,,,
Napa Auto Parts,6160 Grover St,Omaha,NE,68106,402-554-4550,,,,
Napa Auto Parts,4442 84th St,Omaha,NE,68127,402-592-9012,,,,
Napa Auto Parts,2318 90th St,Omaha,NE,68134,402-571-9900,,,,
Napa Auto Parts,5212 133rd Ct,Omaha,NE,68137,402-895-9433,,,,
Nissan of Omaha Omaha, , ,NE,68102,402-493-1945, ,,,
O'reilly Auto Parts,5914 Ames Ave,Omaha,NE,68104,402-451-3434,,,,
O'reilly Auto Parts,3310 24th St,Omaha,NE,68108,402-733-2900,,,,
O'reilly Auto Parts,4405 30th St,Omaha,NE,68111,402-455-0533,,,,
O'reilly Auto Parts,4545 50th St,Omaha,NE,68117,402-731-6500,,,,
O'reilly Auto Parts,10757 Q St,Omaha,NE,68127,402-331-8446,,,,
O'reilly Auto Parts,3620 72nd St,Omaha,NE,68134,402-571-3700,,,,
O'reilly Auto Parts,3724 90th St,Omaha,NE,68134,402-573-1200,,,,
O'reilly Auto Parts,13345 Q St,Omaha,NE,68137,402-895-8011,,,,
O'reilly Auto Parts,11059 Maple Rd,Omaha,NE,68164,402-493-6016,,,,
Performance Ford,11910 Dodge Rd,Omaha,NE,68154,402-934-5656,,,,
Plaza Pontiac Buick Gmc,11911 I St,Omaha,NE,68137,402-593-4000,,,,
Radiator Depot The,6315 Railroad Ave,Omaha,NE,68107,402-731-9910,,,,
Sears Auto Center,3420 Oak View Dr,Omaha,NE,68144,402-334-3728,,,,
Sherwin-Williams Co,10236 L St,Omaha,NE,68127,402-593-1886,,,,
Stereo West Auto Toys,7415 Dodge St Ste 1,Omaha,NE,68114,402-393-2100,,,,
Targy Auto Parts,4821 25th St,Omaha,NE,68107,402-731-6294,,,,
Z Street Auto Parts,2530 Z St,Omaha,NE,68107,402-733-5905,,,,
Carquest Auto Parts,212 Douglas St,Oneill,NE,68763,402-336-2310,,,,
Napa Auto Parts,49154 Highway 20,Oneill,NE,68763,402-336-1810,,,,
O'neill Auto Supply,1302 Douglas St,Oneill,NE,68763,402-336-2070,,,,
Ranchland Auto Supply Carquest,212 Douglas St,Oneill,NE,68763,402-336-2310,,,,
Don's Auto & Machine Shop Inc,305 15th St,Ord,NE,68862,308-728-3257,,,,
Edghill Motors Inc,125 17th St,Ord,NE,68862,308-728-3821,,,,
Napa Auto Parts,14 I St,Ord,NE,68862,308-728-3661,,,,
The Parts Bin,14 I St,Ord,NE,68862,308-728-3661,,,,
Osceola Implement & Supply Inc,341 Highway 81-92,Osceola,NE,68651,402-747-2371,,,,
E & S Auto Supply,211 Main St,Oshkosh,NE,69154,308-772-4198,,,,
E & S Auto Supply Llc,211 Main St,Oshkosh,NE,69154,308-772-4198,,,,
Pronto Auto Parts,211 Main St,Oshkosh,NE,69154,308-772-4198,,,,
Heartland Automotive & Equipment ,PO Box 463,Osmond,NE,68765,402-748-3334,,,,
Napa Auto Parts Osmond, , ,NE,68765,402-748-3334, ,,,
S & W Auto Parts,317 Ewing St,Oxford,NE,68967,308-824-3371,,,,
Advance Auto Parts,1220 Washington St,Papillion,NE,68046,402-201-2652,,,,
Autozone,1179 Joseph Plz,Papillion,NE,68046,402-331-8231,,,,
Napa Auto Parts,8505 Giles Rd,Papillion,NE,68046,402-597-0555,,,,
Napa the Parts Store,8505 Giles Rd,Papillion,NE,68046,402-597-0555,,,,
O'reilly Auto Parts,210 Washington St,Papillion,NE,68046,402-593-8833,,,,
H & H Auto Parts,612 7th Pawnee,City,NE,68420,402-852-2116,,,,
Lamp Auto Parts,305 4th St,Pender,NE,68047,402-385-3031,,,,
Pierce Automotive Supply,307 Main St,Pierce,NE,68767,402-329-6213,,,,
Plainview Auto Supply Plainview, , ,NE,68769,402-582-3444, ,,,
Plainview Auto Supply Inc,517 Locust Ave,Plainview,NE,68769,402-582-4444,,,,
Roger's Repair & New Auto Parts,304 Ash Ave,Plainview,NE,68769,402-582-4488,,,,
Watson Motor Company of Plainview ,Highway 20,Plainview,NE,68769,402-582-4211,,,,
Watson Motor Company of Plainview ,PO Box 10,Plainview,NE,68769,402-582-4211,,,,
Independent Auto Parts & Muffler Shop,1634 15th St,Plattsmouth,NE,68048,402-296-3844,,,,
Mullenax Auto Supply Inc,337 Main St,Plattsmouth,NE,68048,402-296-2167,,,,
Napa Auto Parts,337 Main St,Plattsmouth,NE,68048,402-296-2167,,,,
O'reilly Auto Parts,302 Chicago Ave,Plattsmouth,NE,68048,402-296-3650,,,,
Leiting Auto Supply,109 Broadway St,Randolph,NE,68771,402-337-0370,,,,
K & B Parts,414 Grand Ave,Ravenna,NE,68869,308-452-3244,,,,
Catherland Auto Supply,402 Webster St Red,Cloud,NE,68970,402-746-2883,,,,
Hinn's Rushville Auto Supply,206 2nd St,Rushville,NE,69360,308-327-2334,,,,
Parts Bin Inc,124 Howard Ave Saint,Paul,NE,68873,308-754-5441,,,,
J & B Auto Parts Inc,214 12th St,Schuyler,NE,68661,402-352-3951,,,,
Advance Auto Parts,805 27th St,Scottsbluff,NE,69361,308-632-4142,,,,
Autozone #1657,2721 Avenue B,Scottsbluff,NE,69361,308-635-1113,,,,
Carquest of Scottsbluff,509 Beltline Hwy W,Scottsbluff,NE,69361,308-635-9508,,,,
Heilbrun's Inc,230340 Highland Rd,Scottsbluff,NE,69361,308-632-4040,,,,
Napa Auto Parts,230340 Highland Rd,Scottsbluff,NE,69361,308-632-4040,,,,
Reganis Auto Center,2006 Overland,Scottsbluff,NE,69361,308-632-8200,,,,
Wolf,1914 20th St,Scottsbluff,NE,69361,308-635-9653,,,,
Scribner Auto Parts,425 Main St,Scribner,NE,68057,402-664-3508,,,,
Midwest Auto Parts,2631 Progressive Rd,Seward,NE,68434,402-643-2915,,,,
O'reilly Auto Parts #,2100 2989 Progressive Rd,Seward,NE,68434,402-646-2163,,,,
E & S Auto Supply,1212 Illinois St,Sidney,NE,69162,308-254-2543,,,,
Napa Auto Parts-Sidney,1835 Illinois St,Sidney,NE,69162,308-254-5365,,,,
Advance Auto Parts,1700 Dakota Ave South Sioux,City,NE,68776,402-494-2294,,,,
O'reilly Auto Parts,1125 Dakota Ave South Sioux,City,NE,68776,402-494-1073,,,,
Hillbill's Ag & Auto Center,50597 Hwy 91,Spalding,NE,68665,308-497-2425,,,,
Napa Auto Parts Stores,111 Thayer St,Spencer,NE,68777,402-589-1132,,,,
Spencer Auto Supply,111 Thayer St,Spencer,NE,68777,402-589-1132,,,,
Stanton Auto Parts,903 9th St,Stanton,NE,68779,402-439-2220,,,,
Stratton Auto Parts,309 Bristol Ave,Stratton,NE,69043,308-276-2561,,,,
Rally Auto Parts,213 4th St,Stromsburg,NE,68666,402-764-3531,,,,
Becker Auto Parts Llc,221 Walnut St,Sutherland,NE,69165,308-386-4523,,,,
Napa Auto Parts Sutton Auto Supply,124 Saunders Ave,Sutton,NE,68979,402-773-4209,,,,
Sutton Auto Supply,124 Saunders Ave,Sutton,NE,68979,402-773-4209,,,,
Sutton Repair,101 Main St,Swanton,NE,68445,402-766-4414,,,,
Syracuse Motor Supply Inc,502 Park St,Syracuse,NE,68446,402-269-2765,,,,
Napa Auto Parts,109 3rd St,Tecumseh,NE,68450,402-335-3379,,,,
Westside Auto Supply Inc,109 3rd St,Tecumseh,NE,68450,402-335-3379,,,,
Glenn's Service & Sales Truck Equipment,1021 13th St,Tekamah,NE,68061,402-374-1459,,,,
Shamburg Auto Supply Inc,1212 J St,Tekamah,NE,68061,402-374-1133,,,,
Ranchers Automotive Supply,608 Main St,Thedford,NE,69166,308-645-2649,,,,
Pronto Auto Parts,210 Main St,Valentine,NE,69201,402-376-3200,,,,
Sidles Co,210 Main St,Valentine,NE,69201,402-376-3200,,,,
Thomas Auto Parts,133 Highway 20,Valentine,NE,69201,402-376-2557,,,,
B & R Auto Parts,337 Spruce St,Valley,NE,68064,402-359-2727,,,,
Kirby Auto Parts Inc,308 Spruce St,Valley,NE,68064,402-359-2156,,,,
Napa Auto Parts,1236 Chestnut St,Wahoo,NE,68066,402-443-3555,,,,
Wahoo Auto Parts,235 6th St,Wahoo,NE,68066,402-443-3066,,,,
Ekberg Auto Parts,223 Main St,Wakefield,NE,68784,402-287-9031,,,,
Advanced Automotive Parts & Repair,307 Tecumseh,Wauneta,NE,69045,308-394-5488,,,,
Spann Auto Machine,221 Main St,Wayne,NE,68787,402-375-5580,,,,
Wayne Auto Parts Inc,117 Main St,Wayne,NE,68787,402-375-3424,,,,
Meeske Auto Parts,221 Eldora Ave Weeping,Water,NE,68463,402-267-5169,,,,
Mr Automotive,221 Eldora Ave Weeping,Water,NE,68463,402-267-5169,,,,
Stigge Machine & Supply Co,590 Main St West,Point,NE,68788,402-372-2434,,,,
Suppliers Inc,218 Park St West,Point,NE,68788,402-372-2504,,,,
Wilber Auto Parts,224 4th St,Wilber,NE,68465,402-821-2255,,,,
Wisner Auto Parts Inc ,PO Box 190,Wisner,NE,68791,402-529-6799,,,,
Car Parts Inc,817 Lincoln Ave,York,NE,68467,402-362-7708,,,,
Napa Auto Parts,1020 Lincoln Ave,York,NE,68467,402-362-4452,,,,
O'reilly Auto Parts,229 Lincoln Ave,York,NE,68467,402-362-6211,,,,
